{
  "Fighter_053": 1535.1479601518354,
  "Fighter_052": 1354.8053536587531,
  "Fighter_020": 1278.8272448484502,
  "Fighter_117": 1332.6573556381595,
  "Fighter_120": 1561.1180109831112,
  "Fighter_082": 1724.2401069879463,
  "Fighter_119": 1580.559176964186,
  "Fighter_170": 1375.7631754767194,
  "Fighter_067": 1613.3276780696842,
  "Fighter_103": 1786.6444504295794,
  "Fighter_033": 1415.8883685103892,
  "Fighter_181": 1377.8202006136155,
  "Fighter_037": 1672.4876463004157,
  "Fighter_060": 1421.7142257251796,
  "Fighter_023": 1772.5988717267214,
  "Fighter_154": 1386.3558723619888,
  "Fighter_050": 1642.0520815300001,
  "Fighter_105": 1462.2329992191947,
  "Fighter_129": 1662.1168719239793,
  "Fighter_028": 1474.0216562775795,
  "Fighter_131": 1697.8395343154934,
  "Fighter_188": 1538.6289718061453,
  "Fighter_161": 1595.2475904271541,
  "Fighter_080": 1500.3673975760576,
  "Fighter_101": 1285.9257849489654,
  "Fighter_137": 1368.4594808509132,
  "Fighter_142": 1493.63095948962,
  "Fighter_176": 1657.9114389927402,
  "Fighter_151": 1493.8333467391124,
  "Fighter_102": 1577.446643372531,
  "Fighter_145": 1326.457276094332,
  "Fighter_042": 1373.4103101728822,
  "Fighter_146": 1712.0208446520169,
  "Fighter_066": 1721.4977660459776,
  "Fighter_034": 1670.6664282488962,
  "Fighter_070": 1648.9002694640856,
  "Fighter_179": 1517.1723038904636,
  "Fighter_013": 1414.3794537209553,
  "Fighter_167": 1639.9874525677612,
  "Fighter_040": 1583.4140597557484,
  "Fighter_139": 1358.2019928424618,
  "Fighter_068": 1453.2680609978618,
  "Fighter_115": 1334.1451746623982,
  "Fighter_162": 1665.7687754957165,
  "Fighter_193": 1366.3790856118844,
  "Fighter_036": 1479.6971001627555,
  "Fighter_191": 1719.575453367274,
  "Fighter_118": 1665.8694055246542,
  "Fighter_157": 1284.0260769225056,
  "Fighter_012": 1571.1897407772585,
  "Fighter_083": 1480.184518557257,
  "Fighter_024": 1596.279579135151,
  "Fighter_132": 1560.093467428195,
  "Fighter_009": 1356.4509644662664,
  "Fighter_081": 1402.6250867774552,
  "Fighter_093": 1740.532250705942,
  "Fighter_187": 1541.8096661716174,
  "Fighter_106": 1603.0306580118863,
  "Fighter_156": 1437.4977658110115,
  "Fighter_099": 1290.5189957689286,
  "Fighter_150": 1499.2110579746686,
  "Fighter_078": 1417.742563751296,
  "Fighter_032": 1325.4607338902772,
  "Fighter_030": 1323.929173502958,
  "Fighter_126": 1168.0061259409492,
  "Fighter_029": 1498.5762536516415,
  "Fighter_125": 1579.3813112050898,
  "Fighter_171": 1574.4449293367154,
  "Fighter_158": 1701.800483243616,
  "Fighter_133": 1287.973019308244,
  "Fighter_122": 1578.037066622663,
  "Fighter_039": 1396.348746891837,
  "Fighter_147": 1424.2411276687033,
  "Fighter_144": 1404.2484425250025,
  "Fighter_044": 1738.7630480705977,
  "Fighter_166": 1264.0766130663314,
  "Fighter_079": 1689.8969301439527,
  "Fighter_022": 1454.6601151189332,
  "Fighter_054": 1438.644439372307,
  "Fighter_089": 1726.1592654532913,
  "Fighter_183": 1329.856159751303,
  "Fighter_017": 1321.5664514947932,
  "Fighter_059": 1387.2904241577544,
  "Fighter_015": 1810.3498590061843,
  "Fighter_026": 1144.9863777050919,
  "Fighter_047": 1580.8601477489267,
  "Fighter_194": 1508.6174973643583,
  "Fighter_019": 1335.0838572336588,
  "Fighter_046": 1718.6301784349196,
  "Fighter_143": 1295.6764657094643,
  "Fighter_088": 1703.2642241424114,
  "Fighter_035": 1265.0276913708713,
  "Fighter_058": 1634.7029861090027,
  "Fighter_073": 1505.4332843538282,
  "Fighter_135": 1787.68161152545,
  "Fighter_168": 1389.5319513118295,
  "Fighter_198": 1453.7764170386092,
  "Fighter_112": 1353.5875475014777,
  "Fighter_027": 1478.1068147383128,
  "Fighter_182": 1537.395666954164,
  "Fighter_190": 1269.2771934366535,
  "Fighter_051": 1402.3959532412239,
  "Fighter_124": 1335.1856794290447,
  "Fighter_062": 1542.7866954360204,
  "Fighter_127": 1737.0465710842566,
  "Fighter_087": 1494.2516944347387,
  "Fighter_007": 1782.5193963101146,
  "Fighter_134": 1731.408953306746,
  "Fighter_005": 1468.143004422739,
  "Fighter_160": 1292.976520660197,
  "Fighter_098": 1286.8277348150027,
  "Fighter_140": 1794.1464340768277,
  "Fighter_049": 1746.225297512525,
  "Fighter_021": 1595.552163835737,
  "Fighter_056": 1508.060812939866,
  "Fighter_113": 1463.3026927446508,
  "Fighter_074": 1768.169779242669,
  "Fighter_077": 1451.4064318630471,
  "Fighter_038": 1467.8204574294764,
  "Fighter_192": 1727.9418510397297,
  "Fighter_006": 1545.7553315077582,
  "Fighter_065": 1504.470637040089,
  "Fighter_000": 1548.8569956819397,
  "Fighter_096": 1319.7129971464833,
  "Fighter_173": 1534.6778838345074,
  "Fighter_086": 1520.0977468852336,
  "Fighter_177": 1415.0839515208793,
  "Fighter_195": 1789.614902233148,
  "Fighter_076": 1579.8520666922802,
  "Fighter_064": 1460.741327071819,
  "Fighter_069": 1288.2497348909849,
  "Fighter_159": 1244.5171056290908,
  "Fighter_057": 1574.1849184060827,
  "Fighter_016": 1348.9084809266146,
  "Fighter_048": 1406.1439369899858,
  "Fighter_155": 1449.3017069449502,
  "Fighter_153": 1519.2612815480338,
  "Fighter_178": 1455.8054178193438,
  "Fighter_197": 1694.634992911621,
  "Fighter_174": 1357.7359913127957,
  "Fighter_149": 1526.9014295241454,
  "Fighter_180": 1378.0898931555664,
  "Fighter_063": 1355.8701489445036,
  "Fighter_123": 1266.9162346172388,
  "Fighter_085": 1413.9032679549666,
  "Fighter_084": 1414.6246891426892,
  "Fighter_011": 1610.7271648504354,
  "Fighter_018": 1268.9280207432064,
  "Fighter_163": 1302.3496946468788,
  "Fighter_141": 1405.6141454478852,
  "Fighter_061": 1406.315032713029,
  "Fighter_025": 1419.1607435641308,
  "Fighter_109": 1445.496663987883,
  "Fighter_091": 1542.6766721017386,
  "Fighter_001": 1652.301811631529,
  "Fighter_094": 1465.7235092821065,
  "Fighter_165": 1508.5080155298854,
  "Fighter_092": 1347.1724339104535,
  "Fighter_186": 1609.730104419109,
  "Fighter_010": 1605.6590676916792,
  "Fighter_196": 1632.7458867589246,
  "Fighter_175": 1402.6428167273039,
  "Fighter_072": 1528.5047051190472,
  "Fighter_136": 1652.8141874826815,
  "Fighter_199": 1803.3190331726662,
  "Fighter_189": 1375.4961549517877,
  "Fighter_184": 1475.4634502157805,
  "Fighter_121": 1477.1916227508982,
  "Fighter_055": 1593.1365997770108,
  "Fighter_008": 1448.377833871693,
  "Fighter_095": 1604.322948528609,
  "Fighter_148": 1566.6877955607101,
  "Fighter_004": 1433.67665956867,
  "Fighter_002": 1425.659007141236,
  "Fighter_185": 1475.9840930077037,
  "Fighter_107": 1689.4972376541787,
  "Fighter_116": 1573.5378675370598,
  "Fighter_164": 1506.29278487147,
  "Fighter_043": 1481.8875981172623,
  "Fighter_169": 1474.0196955306437,
  "Fighter_104": 1388.0386560530847,
  "Fighter_014": 1596.2815165181698,
  "Fighter_071": 1273.0040164177253,
  "Fighter_041": 1627.8563484453673,
  "Fighter_114": 1621.7836042717508,
  "Fighter_090": 1615.212342234463,
  "Fighter_097": 1537.983799841505,
  "Fighter_172": 1377.752502683396,
  "Fighter_045": 1353.0084590501983,
  "Fighter_110": 1618.9944978156093,
  "Fighter_128": 1286.6777200907957,
  "Fighter_031": 1486.6514641478834,
  "Fighter_100": 1521.7068555831206,
  "Fighter_111": 1624.627321299131,
  "Fighter_138": 1585.4925369125542,
  "Fighter_108": 1474.6868219123567,
  "Fighter_003": 1384.6707378702679,
  "Fighter_152": 1413.9209306821913,
  "Fighter_075": 1680.3999411947887,
  "Fighter_130": 1352.5229803970287
}